PLOT,n,max,min,cancov,rpc1,zmean,zmean_c,z_kurt,z_skew,cv,cv_c,quad_mean,quad_mean_c,h10,h20,h30,h40,h50,h60,h70,h80,h90,h95,h99,hvol,d10,d20,d30,d40,d50,d60,d70,d80,d90,L2,L3,L4,L_cv,L_skew,L_kurt,agb_mgha
7,2721,17.45,0,0.338478500551268,0.713708195516354,2.94988974641676,8.85417792792793,0.250626037557176,1.30389109364076,1.56447501757885,0.410712017805431,5.47654206684499,9.5710935919071,0,0,0,0,0,0.1,3.88,7.37,11.27,12.76,15.05,0.998474258158704,0.343256155825064,0.308342521131937,0.254318265343624,0.207276736493936,0.169790518191841,0.126056596839397,0.0683572216097023,0.027930907754502,0.00441014332965821,2.18862000886352,1.10698495343782,0.247234992909254,0.741932816818679,0.505791297235119,0.112963873083494,40.9035709991606
49,2788,21.6,0,0.469512195121951,0.710545193687231,4.51393472022956,9.844344,-0.213281849059598,1.04072847697936,1.28582074070054,0.49013302858313,7.3519539390331,10.9623663978176,0,0,0,0,0.4,3.842,6.63,10.032,14.43,15.8265,20.1326,2.11934739913217,0.463414634146342,0.381635581061693,0.304878048780488,0.239239598278336,0.182926829268293,0.149928263988522,0.0731707317073171,0.0261836441893831,0.0132711621233859,2.9953198893304,1.14021482540361,0.0711780213695594,0.663571822584549,0.380665460629148,0.0237630784021105,77.2168879750131
64,2482,18.81,0,0.391619661563255,0.678485092667204,3.95507252215955,10.3227641408751,-0.48701172176081,1.04364924644271,1.42025434675607,0.412778639113082,6.86898261752342,11.1667517388456,0,0,0,0,0,1.57399999999999,5.637,10.644,13.61,15.0295,17.0238,1.54888416258625,0.396051571313457,0.344077356970185,0.299758259468171,0.263900080580177,0.229653505237712,0.184125705076551,0.11563255439162,0.0495568090249799,0.0108783239323127,2.78726575803666,1.21140255956708,0.0950806782202384,0.704731896171339,0.434620400323932,0.0341125269257471,101.6623266802
67,2676,22.24,0,0.439461883408072,0.567264573991031,6.26199177877429,14.2572843723313,-1.49712768353312,0.509005209143998,1.1887690707845,0.251638038627348,9.72655614833567,14.7013801498069,0,0,0,0,0,9.18,12.805,14.82,17.295,18.2625,19.655,2.75190670098601,0.438714499252616,0.431614349775785,0.420403587443946,0.403587443946188,0.365097159940209,0.268684603886398,0.176008968609865,0.0728699551569507,0.00822122571001495,3.89573388793429,1.05529232556177,-0.414711047266359,0.62212376278412,0.270884089087856,-0.106452611804617,184.735840624419
75,2048,20.15,0,0.41796875,0.7685546875,4.269677734375,10.2571682464455,-0.613575007471395,0.926903152311834,1.32680708890333,0.398703853026615,7.09275271073404,11.0414803263063,0,0,0,0,0,3.16,7.41,10.582,13.316,15.2865,17.9671,1.78459186553955,0.41796875,0.3818359375,0.3310546875,0.2802734375,0.21923828125,0.14697265625,0.0810546875,0.0302734375,0.00927734375,2.89121226852559,1.12054111161542,0.00396972606888714,0.677149997820341,0.387567915304557,0.0013730316905827,138.42709583617
76,1872,19.26,0,0.763354700854701,0.731837606837607,7.16073717948718,9.45847530422334,-1.00045345804175,0.326726654788155,0.769546624446416,0.469280477062102,9.03469860886302,10.4475122752543,0,0.644000000000001,3.623,5.23,6.495,8.04,10.137,12.626,15.579,16.7035,18.2245,5.46618238754657,0.764957264957265,0.685897435897436,0.556623931623932,0.417735042735043,0.326388888888889,0.237713675213675,0.182692307692308,0.108440170940171,0.031517094017094,3.14721153846154,0.303329931625055,0.0390603302476476,0.439509433117741,0.0963805349332611,0.0124110914599473,93.141269466202
130,2994,19.36,0,0.495991983967936,0.579826319305277,5.49324983299933,11.1333628318584,-1.03029730268048,0.707787054462732,1.17624670825507,0.426253604853126,8.48008014615647,12.1019625888689,0,0,0,0,1.795,6.09,8.7,13.16,16.1,17.37,18.5814,2.72460788310087,0.496993987975952,0.463927855711423,0.408817635270541,0.333667334669339,0.275551102204409,0.233466933867736,0.188376753507014,0.125250501002004,0.0480961923847695,3.44122550591773,1.03937262535002,-0.177180026363883,0.62644620407494,0.302035604339981,-0.0514874791144009,99.0870546920505
159,6065,20.53,0,0.692662819455895,0.392250618301731,7.61564220939819,11.0891965150048,-1.41374859691364,0.171511413085127,0.842186600836092,0.426604464877188,9.95630198418719,12.0558862278803,0,0,1.67,4.516,7.35,9.864,12.388,14.602,16.55,17.598,18.8972,5.27507220472907,0.691838417147568,0.616652926628195,0.543281121187139,0.468920032976092,0.382522671063479,0.303380049464139,0.213520197856554,0.10519373454245701,0.0197856553998351,3.64977863384139,0.286441239618742,-0.287440160933881,0.479247650229331,0.0784818117358703,-0.0787555054075568,121.798322585911
240,6096,17.37,0,0.60744750656168,0.399442257217848,5.4714812992126,9.08703652842626,-1.37381554998413,0.25498799822532,0.928548195898536,0.358797535574533,7.46623733994602,9.65409563826122,0,0,0.01,2.38,5.48,7.46,9.17,10.78,12.42,13.5825,15.38,3.32363767240555,0.610400262467192,0.572014435695538,0.510170603674541,0.427985564304462,0.330544619422572,0.221784776902887,0.114665354330709,0.0416666666666667,0.00705380577427822,2.84423692320197,0.358154387737401,-0.25714933221539,0.519829415045482,0.125922838852046,-0.0904106581690449,54.4438402417391
535,3355,16.41,0,0.253651266766021,0.723099850968703,1.93832488822653,7.90843112244898,2.68364785458996,1.9318208501143,1.92548635422349,0.445296748924244,4.20504502191875,8.65616090170016,0,0,0,0,0,0,0.04,3.84400000000001,8.37,10.95,14.4084,0.491658563302765,0.264977645305514,0.214307004470939,0.176751117734724,0.140089418777943,0.102235469448584,0.0688524590163935,0.042026825633383,0.0235469448584203,0.00715350223546945,1.57052397164406,0.997334606586505,0.446988883806133,0.81024805551613,0.635033036485569,0.284611309267833,3.45070648617073
597,5225,18.95,0,0.534928229665072,0.505263157894737,4.10980669856459,7.83257403189066,-0.122466471032409,0.930860876992152,1.12543507927827,0.477975081762138,6.18708392869127,8.68099923304516,0,0,0.02,0.15,2.55,4.174,6.39,8.35,11.08,13.26,16.6076,2.19845162152881,0.543540669856459,0.418181818181818,0.336459330143541,0.238277511961722,0.155406698564593,0.0920574162679426,0.0499521531100479,0.0229665071770335,0.00822966507177033,2.4791627783436,0.740548432385825,0.022723755984536,0.603230993615706,0.298709079877605,0.00916589914266071,65.114169197345
662,5794,25.54,0,0.700379703141181,0.418018639972385,6.74275802554367,9.6525006214268,-0.647548101972376,0.280839672522353,0.808006326535442,0.40078169652711,8.66847446206553,10.3986870849033,0,0,2.059,5.402,7.09,8.5,10.151,11.65,13.71,15.3535,20.8435,4.72249086428309,0.693821194338971,0.611667241974456,0.459785985502244,0.295650673110114,0.138936831204695,0.0503969623748706,0.0162236796686227,0.0110459095616155,0.00362443907490507,3.07137356686242,0.214514589818323,-0.0287167704845418,0.455507012891029,0.0698432102603078,-0.00934981364506489,122.175795980238
697,2820,22.66,0,0.476241134751773,0.643617021276596,6.72137943262411,14.1211119402985,-1.50620712978183,0.426708567272646,1.12219975364274,0.277316875582059,10.1019576204792,14.653654546466,0,0,0,0,0.05,10.308,13.203,15.242,17.073,19.1605,20.9781,3.20099736809014,0.476241134751773,0.466312056737589,0.45,0.424113475177305,0.371276595744681,0.277304964539007,0.159219858156028,0.0680851063829787,0.0205673758865248,4.01783874493999,0.929324393000907,-0.45860755128552,0.597769964516254,0.231299574720684,-0.114142846539843,144.658074001183
755,4708,17.62,0,0.53143585386576,0.538232795242141,4.22168861512319,8.02890202702703,-0.567267359606044,0.790074025816345,1.08880453405418,0.43812898962278,6.24074039140911,8.7653989305771,0,0,0.06,0.698000000000002,2.545,4.68,6.749,8.836,11.34,12.9265,15.5951,2.2435566939333502,0.546304163126593,0.452633814783348,0.366397621070518,0.285046728971963,0.200934579439252,0.125106202209006,0.0671197960917587,0.0276125743415463,0.00870858113848768,2.4952726705052,0.682197547618156,-0.0362995912846065,0.591060331064323,0.27339599222238,-0.014547344550228,58.6688663785388
776,5634,19.28,0,0.580937167199148,0.449236776712815,5.19694888178914,9.08057879836427,-0.900164322170062,0.587854459848457,1.02429461158931,0.432016162490966,7.43907104950055,9.89149434596973,0,0,0,0.992000000000003,4.175,6.43,8.18,10.47,13.237,14.88,17.5201,3.01910076146536,0.582534611288605,0.512602058927938,0.436989705360312,0.328895988640398,0.231806886758963,0.161874334398296,0.0905218317358893,0.039226127085552,0.0118920837770678,2.93478096957801,0.645691637408842,-0.12422196339162,0.564712302609308,0.220013569701484,-0.0423275074628419,63.8612197534117
802,1925,13.8,0,0.497142857142857,0.797402597402598,2.69962597402597,5.53713457076566,1.0894856937462,1.25690755678402,1.18418158187724,0.494088860748264,4.18359945687735,6.17543339452454,0,0,0,0,1.98,2.962,3.768,4.83,7.528,9.458,12.7928,1.34209976994434,0.543376623376623,0.423896103896104,0.264935064935065,0.16,0.115324675324675,0.0774025974025974,0.0477922077922078,0.0280519480519481,0.0135064935064935,1.66082676242676,0.556210201402089,0.108420248057229,0.615206246497162,0.334899589761768,0.0652808893197311,6.83898920718858
825,7546,22.97,0,0.651073416379539,0.344155844155844,7.07854890007951,10.9274412855377,-1.13078108400884,0.300238740593013,0.885581633249476,0.403510214702634,9.45496723527322,11.7833439884466,0,0,0.06,4.48,7.22,9.11,11.07,13.26,15.59,17.5475,20.5565,4.6086550153844,0.646037635833554,0.598330241187384,0.512589451364962,0.396766498807315,0.281871190034455,0.17373442883647,0.0877285979326796,0.0344553405777896,0.00914391730718261,3.53505455736295,0.414566216676181,-0.178770368488939,0.499403847774965,0.117272933118587,-0.0505707523287267,149.391583112437
843,2253,16.74,0,0.214380825565912,0.848646249445184,1.87780736795384,8.84269146608315,2.63215368982744,2.01415583466691,2.07860061319981,0.418931760040075,4.33064184227808,9.5857377074517,0,0,0,0,0,0,0.153999999999999,2.566,9.534,12.04,14.1548,0.402565893795697,0.222814025743453,0.183311140701287,0.156679982245894,0.138038171327119,0.116733244562805,0.0905459387483356,0.0590324012427874,0.0177541056369285,0.00266311584553928,1.56240813314633,1.05278575792976,0.527135344531519,0.832038557207716,0.673822502325106,0.337386457064832,10.7756311646719
867,4285,23.06,0,0.603267211201867,0.526721120186698,6.39640840140023,10.7010681907765,-1.1907556957775,0.455890943190144,0.984654577965024,0.432444932484537,8.97623370640077,11.6584437791667,0,0,0,2.202,5.38,7.844,10.648,13.232,15.81,17.12,19.0944,3.85874345802091,0.596966161026838,0.525787631271879,0.434539089848308,0.346557759626604,0.264644107351225,0.17852975495916,0.0858809801633606,0.0156359393232205,0.00396732788798133,3.50644061047212,0.649457099491691,-0.243209750642154,0.548188982070707,0.18521833723693,-0.0693608640955727,108.778658740587
876,2245,24.17,0,0.648552338530067,0.668596881959911,8.53607126948775,13.1575051831375,-1.50417540523085,0.0222602847640742,0.840550763030122,0.337096800877811,11.1499876217135,13.8844770432429,0,0,0.27,5.648,9.82,12.27,14.04,15.702,17.556,19.02,21.2624,5.5360889836856,0.644988864142539,0.609799554565702,0.568819599109131,0.503340757238307,0.407126948775056,0.27260579064588,0.138084632516704,0.0423162583518931,0.00712694877505568,4.04070620789316,0.16500769633424,-0.401118355709095,0.473368377597396,0.0408363508368691,-0.0992693690339441,95.895569190787
935,6268,26.76,0,0.446873005743459,0.44527760051053,6.21730855137205,14.0421247280638,-0.680029948451913,0.891791159764946,1.29077206390808,0.432403108727924,10.1512232397972,15.298214394802,0,0,0,0,0.01,5.504,10.459,14.762,19.7,22.0465,24.5533,2.77834735998614,0.437300574345884,0.401563497128271,0.355137204850032,0.293554562858966,0.232610082961072,0.1734205488194,0.116624122527122,0.0617421825143587,0.0154754307594129,4.14197605435997,1.53586527949969,-0.028734734354736,0.666200819878226,0.370804963462547,-0.00693744579341277,75.226150765218
1081,3157,20.9,0,0.468165980361102,0.579347481786506,4.37932847640165,9.3702662116041,-0.622174072204585,0.801048758790544,1.20848994937194,0.395992834914243,6.86868787377767,10.0777345428106,0,0,0,0,0.1,4.986,7.82,9.718,12.26,14.394,17.0876,2.05025260947787,0.46721571111815,0.424136838770985,0.364269876464998,0.276211593284764,0.159645232815965,0.0918593601520431,0.0440291415901172,0.012987012987013,0.00506810262907824,2.78426774468229,0.892888006635735,-0.0802054935648759,0.635775041695442,0.320690425100486,-0.0288066741131709,72.650856758047
1089,3122,22.63,0,0.472453555413197,0.561499039077514,4.79169122357463,10.2075909402883,-0.205908865552253,0.934186951285656,1.23330090218716,0.435050574521034,7.60739486068021,11.1311385199127,0,0,0,0,0.07,5.696,8.117,10.328,13.768,15.58,20.92,2.26385155502005,0.470211402946829,0.42985265855221,0.353299167200512,0.257527226137092,0.158552210121717,0.106342088404869,0.0483664317745035,0.0329916720051249,0.0153747597693786,3.08361634243529,1.05474783849479,-0.00192065233045091,0.643534025578322,0.342048984492605,-6.22857099315433e-4,84.7692527041273
1175,4366,17.05,0,0.473202015574897,0.580164910673385,3.10319514429684,6.62764981761334,0.301645272897107,1.08366721483398,1.20114267961744,0.449645858141445,4.84974232022759,7.26650412000897,0,0,0,0.15,1.53,3.13,4.685,6.5,8.755,10.4575,13.777,1.4684381970035,0.490838295923042,0.376316994961063,0.274393037104902,0.186669720568026,0.108337150710032,0.0572606504809895,0.0265689418231791,0.0121392579019698,0.00274851122308749,1.95623527476455,0.667649550045465,0.055910319108436,0.630393895259788,0.341293073823047,0.0285805699496782,34.0613283848858
1229,7090,20.95,0,0.683356840620593,0.335260930888575,6.94608039492243,10.233356993737,-1.20191524554473,0.270847803650743,0.86123048461777,0.432298605596454,9.1667560950461,11.1484572773981,0,0,0.08,4.46,6.725,8.794,10.87,13.032,15.401,16.98,19.0433,4.74665155337083,0.682510578279267,0.61114245416079,0.516220028208745,0.426093088857546,0.317912552891396,0.219605077574048,0.133004231311707,0.0557122708039492,0.0117066290550071,3.3933121051487,0.362251475907206,-0.167408107220938,0.488521858691588,0.106754540897537,-0.0493347213676362,146.657921724621
1231,5277,22.19,0,0.515254879666477,0.493272692817889,5.77776009096077,11.3054638394548,-1.04494569631197,0.679502462063433,1.13140781363445,0.43228297329587,8.7239223336225,12.3162005975937,0,0,0.01,0.12,2.52,6.16,9.78,13.492,15.94,17.626,19.7172,2.97701908040977,0.508432821678984,0.447413303013076,0.387151790790222,0.329732802728823,0.266060261512223,0.205419746067842,0.11294296001516,0.0487019139662687,0.00776956604131135,3.5231199996322,0.984950297568951,-0.192445987804719,0.609772635790827,0.279567626896551,-0.0546237391359959,75.2292680768192
1364,2419,16.15,0,0.256717651922282,0.864406779661017,1.4360314179413,5.60128571428571,6.40077229281248,2.43913012017822,1.91236101180499,0.538437235506728,3.0985061943825,6.36035045081188,0,0,0,0,0,0.08,0.395999999999999,3.12,4.79,7.261,12.9148,0.368654613700515,0.280281107895825,0.19346837536172,0.0975609756097561,0.0611823067383216,0.0409260024803638,0.0297643654402646,0.0177759404712691,0.010334849111203,0.00372054568003307,1.14240533055959,0.707049010159417,0.325631319377869,0.795529482354468,0.618912562157845,0.285040090996742,14.7303822960475
1403,2012,16.17,0,0.197813121272366,0.919980119284294,1.23597912524851,6.35722070844687,7.2361381732742,2.69991632126886,2.28951632172054,0.524834334667332,3.08729665664368,7.17746978256015,0,0,0,0,0,0,0,1.968,4.839,7.84249999999999,13.0901,0.244492888592896,0.209741550695825,0.160536779324056,0.0989065606361829,0.06610337972167,0.0472166998011928,0.0342942345924453,0.0213717693836978,0.0114314115308151,0.00298210735586481,1.05369209655048,0.755264023620068,0.440341324325059,0.852516094346356,0.716778673857958,0.417903224069558,17.7979201759594
1448,2386,4.57,0,0.0217937971500419,0.937552388935457,0.135176026823135,2.96214285714286,17.1579511079494,4.05680973308784,3.53044041728994,0.215357418026488,0.495909715507388,3.02525441669197,0,0,0,0,0,0,0,0.03,0.1,1.4275,2.333,0.00294599890813203,0.067476948868399,0.066219614417435,0.0532271584241408,0.0305951383067896,0.0121542330259849,0.00251466890192791,0.00125733445096396,8.38222967309304e-4,4.19111483654652e-4,0.125345832872047,0.107731822969899,0.0856696305471528,0.927278570156898,0.859476701390399,0.683466123956464,0
1545,2950,3.44,0,0.00745762711864407,0.972203389830509,0.0569728813559322,2.912,48.6372509589816,6.72373589606834,5.00207653761343,0.127232026997916,0.290574474831718,2.93079511395799,0,0,0,0,0,0,0,0,0.05,0.16,1.8651,4.24882505027291e-4,0.0345762711864407,0.023728813559322,0.0206779661016949,0.0183050847457627,0.0125423728813559,0.0064406779661017,0.00271186440677966,0.00101694915254237,6.77966101694915e-4,0.054434869619693,0.0497961713127491,0.0437947286394433,0.955452284036974,0.914784432490572,0.804534463762169,0
1566,2274,26.55,0,0.829815303430079,0.704485488126649,9.95348284960422,12.0428319057816,-0.977249869904062,0.256411269856478,0.709347071057451,0.499167195620695,12.2024665852922,13.4590944850537,0,3.328,5.299,6.902,8.965,12.118,14.582,16.594,19.935,22.007,24.7927,8.25955239103042,0.819261213720317,0.699208443271768,0.538698328935796,0.447229551451187,0.34872471416007,0.233069481090589,0.132805628847845,0.0699208443271768,0.0241864555848725,4.04787413795305,0.282931289460099,0.07965366331249,0.406679169403903,0.0698962664889509,0.0196779002009113,118.352676515262
1574,1976,19.79,0,0.395748987854251,0.739878542510121,3.26183198380567,8.25765091863517,1.12363051511923,1.45987123482088,1.48084925205913,0.536414743078868,5.82746594256379,9.36929814008474,0,0,0,0,0.1,1.86,4.255,6.82,11.29,14.3125,17.8525,1.29086670614172,0.396761133603239,0.318825910931174,0.217105263157895,0.173076923076923,0.133603238866397,0.0880566801619433,0.0551619433198381,0.0288461538461538,0.0106275303643725,2.33883230666735,1.11990487870529,0.27827229446598,0.717030281841363,0.478830771882514,0.118979156253616,42.4121574561372
1667,2407,19.01,0,0.259659326963025,0.783963439966764,2.37818446198587,9.2808940397351,1.18856143012327,1.60215765136364,1.81895102888468,0.351926953720096,4.93563998322793,9.8379557418606,0,0,0,0,0,0.02,0.12,6.218,10.41,12.242,14.4894,0.617517776793175,0.259659326963025,0.240548400498546,0.209389281262983,0.167428334025758,0.11882010801828,0.0739509763190694,0.023265475695887,0.00789364353967595,0.00373909430826755,1.88474847364348,1.12476348974528,0.414573822795994,0.79251567898549,0.596771137090221,0.219962413337078,20.1100549774252
1690,6790,23.49,0,0.660677466863034,0.358762886597938,6.39190427098675,9.83262257169288,-0.710958602736299,0.567144752250772,0.91998852298249,0.470625136969465,8.68512381177842,10.86687993232,0,0,1.187,3.41,5.72,7.61,9.56299999999999,11.81,15.17,17.2455,20.4944,4.22298712218653,0.644477172312224,0.546686303387334,0.434167893961708,0.308689248895435,0.203240058910162,0.127835051546392,0.0674521354933726,0.0229749631811488,0.00765832106038292,3.29409901206817,0.572745039272977,-0.0271800217285674,0.515354872728664,0.173870013370784,-0.00825112470177474,93.7578431962656
1706,2642,19.2,0,0.357683573050719,0.711203633610901,3.44012112036336,9.77639649507119,0.0581829644457022,1.22903190024435,1.51413688620957,0.419948267583805,6.24146698652091,10.6026062792304,0,0,0,0,0,0.115999999999999,4.557,8.888,12.439,14.509,16.8918,1.23047481405881,0.358819076457229,0.319076457229372,0.270628311884936,0.225208175624527,0.182059046177139,0.131718395155185,0.0719152157456473,0.0348221044663134,0.00757002271006813,2.51094864337224,1.21409095441828,0.222993188581918,0.729901231822624,0.483518831666639,0.0888083430820132,77.9766973047864
1730,7380,25.29,0,0.56897018970189694,0.316666666666667,7.6890325203252,13.5969217809868,-1.26644271108423,0.439033972683803,1.0198118007147,0.397640255135577,10.9817991168487,14.6322066815172,0,0,0,0.04,6.7,10.17,12.823,16.092,19.51,21.21,23.1742,4.37483029171349,0.562466124661247,0.528184281842818,0.480352303523035,0.401761517615176,0.3079945799458,0.224525745257453,0.154471544715447,0.0789972899728997,0.0158536585365854,4.32711635010509,0.854130654339013,-0.351134423071217,0.562764735181804,0.197390267612811,-0.081147442005503,186.25494191099
1820,2173,22.53,0,0.302807179015186,0.763460653474459,3.04354809019788,10.213125,1.89905675654473,1.7341437652079,1.78115140955564,0.50604535863302,6.21587633337477,11.4445426814487,0,0,0,0,0,0,2.15599999999999,6.48,12.37,15.74,20.6356,0.921608211389879,0.298205246203405,0.253106304647952,0.192820984813622,0.157846295444087,0.121491026231017,0.0796134376438104,0.0497008743672342,0.0276115968706857,0.0119650253106305,2.39217037490921,1.41305093369384,0.537617736553911,0.785980803987782,0.590698283247266,0.224740571237245,117.589140343575
1938,2678,26.42,0,0.362584017923824,0.703883495145631,4.23918222554145,11.955844017094,0.7852238416803,1.38497013296251,1.54285166287487,0.462331715716837,7.79306797107483,13.1705560832766,0,0,0,0,0,0.16,5.599,10.69,14.025,18.7915,23.9038,1.53705972404808,0.348394324122479,0.305451829723674,0.261389096340553,0.203883495145631,0.117998506348021,0.0817774458551158,0.0533980582524272,0.0235250186706497,0.0112023898431665,3.11664226114471,1.55322469478726,0.363490387030102,0.735198935862361,0.498364767157067,0.116628844946932,100.871313811347
1948,2092,23.1,0,0.347036328871893,0.683078393881453,4.24264818355641,12.4085897435897,0.30854326215752,1.3210020613076,1.56070001461699,0.441027048011013,7.86278462902113,13.5601973960117,0,0,0,0,0,0.23,5.404,10.39,16.249,18.8045,21.7227,1.47235305031642,0.338910133843212,0.310229445506692,0.269598470363289,0.217973231357553,0.183556405353729,0.138145315487572,0.102294455066922,0.0573613766730402,0.0195984703632887,3.14529375645236,1.59133294535803,0.36292709901111,0.741351538089545,0.505940960870035,0.115387346020253,163.997280267943
2023,3031,24.34,0,0.503794127350709,0.535466842626196,8.05062355658199,16.0000328947368,-1.43108280576243,0.467665890274998,1.1021388389857,0.343072630324916,11.9797748976549,16.914853055276,0,0,0,0,3.09,10.64,14.48,18.62,21.59,22.57,23.694,4.05585686931729,0.501484658528538,0.492576707357308,0.468822170900693,0.419003629165292,0.361266908611019,0.298581326294952,0.239524909270868,0.18343780930386,0.0805014846585285,4.78913463190595,1.11351609866235,-0.518590376028342,0.594877477284411,0.232508831813567,-0.108284777081315,152.557477303515
2051,2594,12.21,0,0.432151117964534,0.868928296067849,1.97484965304549,4.77613228699552,2.05969391907622,1.49764823966903,1.28210928834419,0.479416518739915,3.21067709636401,5.29608795676015,0,0,0,0,1.32,2.16,2.76,3.59,5.27100000000001,7.5605,10.4735,0.853433485375479,0.502698535080956,0.355435620663069,0.187355435620663,0.114880493446415,0.0805705474171164,0.0535851966075559,0.0366229760986893,0.0185042405551272,0.00501156515034695,1.27177957320001,0.482063143319851,0.11462768624307,0.643988048021151,0.379046144063234,0.0901317245996072,13.3581887936511
2062,1972,15.29,0,0.52079107505071,0.931541582150101,3.18913793103448,6.25682953311618,-0.163814771065801,0.886338543827049,1.07567531815908,0.417152647163936,4.68324730009357,6.77885652344644,0,0,0.02,0.714000000000001,2.19,3.506,4.83,6.358,8.299,9.9045,12.1454,1.66087457158845,0.561359026369168,0.427484787018256,0.317951318458418,0.212474645030426,0.12525354969574,0.0755578093306288,0.0299188640973631,0.0101419878296146,0.00253549695740365,1.85882671968698,0.508499050322405,0.0165318571592945,0.58286181403387,0.273559146173686,0.0088937053595175,15.9912817034797
2068,6205,28.01,0,0.598710717163578,0.473005640612409,8.50073005640613,14.2670496724891,-1.20205260582728,0.411147197201128,0.97181359257402,0.409885284872393,11.8531683290139,15.4187148014973,0,0,0.03,1.97,7.37,11.224,14.3,16.99,20.196,22.63,25.9896,5.08947818848489,0.586946011281225,0.55132957292506,0.46897663174859,0.400966962127317,0.31361804995971,0.204995970991136,0.113456889605157,0.0544721998388396,0.0195004029008864,4.60284356535333,0.786689962838878,-0.330895825084574,0.541464501850007,0.170913903909417,-0.0718894353862695,83.8767500153522
2111,2627,27.03,0,0.661591168633422,0.648648648648649,7.3430681385611,11.1516023391813,-0.944910798084029,0.443321613457195,0.903538445320361,0.456274745536417,9.89564176023838,12.2569497841713,0,0,0.458,4.10000000000001,6.76,8.99,11.44,13.986,16.87,18.557,22.2062,4.85810903114548,0.647506661591169,0.556147696992768,0.435477731252379,0.323562999619338,0.21773886562619,0.125999238675295,0.0430148458317472,0.0129425199847735,0.00456794822992006,3.73694068654325,0.554665002976838,-0.126206258265484,0.508907260021084,0.148427564016253,-0.033772614780843,146.538881486894
2197,2866,23.34,0,0.441381716678297,0.720516399162596,4.82345429169574,10.9096442687747,-0.328822907059555,0.933038238554537,1.27841086035415,0.40793159578009,7.82792403491763,11.7817927261473,0,0,0,0,0,5.28,8.455,10.87,14.055,16.6875,21.2405,2.12898453558797,0.441381716678297,0.423237962316818,0.347522679692952,0.266573621772505,0.169574319609211,0.101535240753664,0.0547801814375436,0.0314026517794836,0.0115143056524773,3.17972490375821,1.15551293949869,0.00541374176252362,0.659221527035626,0.363400286022527,0.00170258180389283,61.6466645071117
2257,2483,26.26,0,0.376157873540073,0.741039065646396,5.65397905759162,15.251868852459,-0.304322468442739,1.15201799894387,1.50564698106411,0.466399428212658,10.2180086004249,16.8275237651169,0,0,0,0,0,0.08,6.544,15.522,21.314,23.107,25.2418,2.12678873934377,0.364075714861055,0.320579943616593,0.281917035843737,0.257349979863069,0.231977446637133,0.197341925090616,0.156665324204591,0.108336689488522,0.0422875553765606,4.11113047855149,1.94876068437569,0.282893474360589,0.727121631805738,0.474020636061716,0.0688116020244299,215.520931151564
2263,2263,21.12,0,0.395934600088378,0.695095006628369,4.15412726469289,10.7380465116279,0.154176195770764,1.27338008787213,1.48995506042366,0.514724626624486,7.45314002281823,12.0755688777353,0,0,0,0,0,1.816,4.908,8.802,15.68,17.48,20.2138,1.64476271726241,0.391073795846222,0.32258064516129,0.271321254971277,0.210340256296951,0.184710561201944,0.167476800707026,0.127706584180292,0.0636323464427751,0.0181175430844012,3.00274262899143,1.431214338483,0.272485329532162,0.722833567115913,0.476635701196849,0.0907454827800828,83.1734391253902
2317,7284,25.74,0,0.640993959362987,0.343218012081274,9.17424766611752,14.480747051114,-1.50105724192037,0.274086778692227,0.928888795359693,0.434361901678712,12.521137229195901,15.7875281278038,0,0,0.05,3.85,7.385,12.26,16.12,19.05,21.14,22.3785,24.0117,5.88063733568132,0.626990664470071,0.566447007138935,0.491350906095552,0.439181768259198,0.388110928061505,0.320840197693575,0.236957715540912,0.124382207578254,0.0237506864360242,4.7816591133256,0.60507549235931,-0.517772805060701,0.521204494073699,0.126540909341086,-0.108283086014594,216.524442133532
2343,2697,24.31,0,0.372265480163144,0.659621802002225,5.7245383759733,15.4468944723618,-0.977149775327854,0.867787132880337,1.39621000018832,0.312097260426989,9.83001681720953,16.1809947144713,0,0,0,0,0,0.115999999999999,11.202,15.608,19.006,20.352,22.3904,2.13104802724405,0.368928439006303,0.353355580274379,0.341119762699296,0.32035595105673,0.28513162773452,0.234334445680386,0.155728587319244,0.0826844642195032,0.0170559881349648,3.96931616787089,1.60449863037336,-0.0421121898328078,0.693386244824677,0.404225454087221,-0.010609431965556,123.633825967341
2346,2724,22.66,0,0.415565345080764,0.638032305433186,6.00172907488987,14.5346119536128,-1.24811811482682,0.710249271964807,1.293876333797,0.327787399323987,9.81333430285042,15.2948649910245,0,0,0,0,0,3.5,12.563,15.778,18.124,19.37,21.327,2.49411061408786,0.412628487518355,0.38913362701909,0.372980910425844,0.345080763582966,0.322687224669604,0.27496328928047,0.197870778267254,0.100220264317181,0.0253303964757709,3.96953495216417,1.36411832009282,-0.244760025005828,0.661398557421056,0.343646884718601,-0.0616596220855509,203.899910247492
2387,2089,29.9,0,0.336045955002394,0.822403063666826,3.27999521302058,10.3627450980392,4.65060707038404,2.34511363234118,1.9172241118273,0.765455830744103,7.09115600517349,13.0462196587985,0,0,0,0,0.02,1.166,2.426,3.91,14.354,19.872,26.51,1.10222912376278,0.25418860698899,0.146960268070847,0.126376256582097,0.107228338918143,0.093346098611776,0.0732407850646242,0.0263283867879368,0.0201053135471517,0.00718046912398277,2.58724917878543,1.61325363706256,0.814334149927714,0.788796632542279,0.623540109816518,0.314749022477224,15.2449809024619
2389,1587,17.87,0,0.315689981096408,0.827347195967234,2.13836798991808,6.61536324786325,0.795727114401218,1.40398728747052,1.51448141359776,0.38165916299407,3.87994993926351,7.07983725185972,0,0,0,0,0.1,0.6,2.414,4.8,7.834,9.27,10.7614,0.675061350314405,0.325771896660366,0.257088846880907,0.189035916824197,0.129174543163201,0.0598613736609956,0.0107120352867045,0.00189035916824197,6.30119722747322e-4,6.30119722747322e-4,1.55608273718287,0.76426286861948,0.179648994143953,0.72769642293536,0.491145393723153,0.115449512966894,50.3807614672619
2395,5051,22.37,0,0.747772718273609,0.476539299148683,7.00523262720254,9.41006940736786,-1.0757260751453,0.0541260308405326,0.742331030841441,0.397794757951402,8.72410606244527,10.1270816636329,0,0,3.69,5.64,7.53,8.93,10.37,11.79,13.79,15.315,17.34,5.23832184378222,0.745792912294595,0.662245099980202,0.53949712928133,0.399128885369234,0.236982775687983,0.117006533359731,0.0413779449613938,0.00633537913284498,0.00118788358740843,2.96800362480912,0.0719539741454785,-0.0287238652684003,0.423683806485433,0.0242432231362608,-0.00967784035986397,113.385467364842
2502,3931,15.19,0,0.228186212159756,0.701348257440855,1.4939226659883,6.72829105473965,5.1587906584697,2.38913391530097,2.01250422185453,0.512352410182615,3.35688875090957,7.55894235189724,0,0,0,0,0,0.03,1.09,2.39,5.68,9.125,12.967,0.340892554411474,0.269397099974561,0.163062833884508,0.118290511320275,0.0941236326634444,0.0758076825235309,0.0506232510811498,0.0302721953701348,0.0180615619435258,0.00534215212414144,1.21684809399806,0.795292033617884,0.404481098414676,0.814532185434817,0.653567226296,0.332400650836966,2.53917508337596
2514,3488,21.4,0,0.534690366972477,0.553038990825688,6.22705848623853,11.7287303309821,-1.31088686141989,0.451012157171991,1.0613180276483,0.365420183613942,9.07971115740115,12.486881669822,0,0,0,0,4.3,8.592,11.489,13.506,15.226,17.3595,20.1626,3.32954818716596,0.533543577981651,0.500573394495413,0.456422018348624,0.401376146788991,0.330848623853211,0.235378440366973,0.11295871559633,0.0518922018348624,0.0200688073394495,3.60167203117477,0.764064435816025,-0.341618871575456,0.57839058989638,0.212141591239447,-0.0948500775802257,92.9988943852597
2573,3097,20.72,0,0.188569583467872,0.793994187923797,1.85982563771392,10.2517647058824,5.05487974263719,2.46685013460443,2.36534274065684,0.479375453932941,4.77545851918466,11.3668837560489,0,0,0,0,0,0,0.01,1.418,8.64,13.706,18.1624,0.350706545826583,0.186309331611237,0.156926057474976,0.131417500807233,0.105586051017113,0.0829835324507588,0.0616725863739102,0.0422989990313206,0.0274459154020019,0.00419761059089441,1.60858033614259,1.18482575531873,0.712579153093258,0.864909217038131,0.736566106583133,0.442986363243777,29.4437054251544
2689,4372,20.28,0,0.422461116193962,0.557182067703568,4.42060841720037,10.5627710176991,-0.596113366919855,0.932521242919444,1.32340542142907,0.404213021417245,7.33208422642465,11.3926122938648,0,0,0,0.01,0.04,3.206,7.6,10.848,13.98,15.9,18.2858,1.86753516618689,0.422461116193962,0.38060384263495,0.338289112534309,0.285452881976212,0.225068618481244,0.153705397987191,0.0940073193046661,0.0446020128087832,0.0105215004574565,2.98902026539806,1.15723942734338,0.00961944553127645,0.676155855327047,0.387163459793158,0.00321826039208717,73.5875259355801
2748,2646,21.65,0,0.561602418745276,0.688964474678761,6.20495842781557,11.1093138586957,-1.30986599339272,0.39043785627334,1.010882434855,0.364842657287473,8.82217030491301,11.8251313676176,0,0,0,0.07,5.515,8.34,11.075,12.9,14.915,16.6175,19.121,3.48471966127511,0.560090702947846,0.534769463340892,0.470899470899471,0.387377173091459,0.305366591080877,0.195011337868481,0.0895691609977324,0.035525321239607,0.00680272108843537,3.45914699221424,0.633959414793675,-0.314642164346874,0.557481090720541,0.183270446795287,-0.0909594663236524,75.5558121252565
2786,3496,23.24,0,0.471967963386728,0.66933638443935894,6.00673913043478,12.841342364532,-1.12943530162384,0.638639421323137,1.18043633582988,0.355511066366526,9.29208056426625,13.628229905951,0,0,0,0,0.18,7.42,11.325,14.05,16.305,18.6675,21.6505,2.83498843398667,0.467677345537758,0.439931350114416,0.408466819221968,0.363558352402746,0.284897025171625,0.203661327231121,0.100686498855835,0.0512013729977117,0.0174485125858124,3.75704564873651,1.0966755333179,-0.249556767050701,0.625471752169228,0.291898378633412,-0.0664236717844051,165.85558661923
2890,8054,21.17,0,0.607400049664763,0.313136329774025,6.1070871616588,10.1550577609746,-1.2353668753481,0.33004500396183,0.934805340784394,0.378760788343263,8.35969117422606,10.8589320057646,0,0,0.03,2.23,5.59,8.5,10.41,11.94,13.72,14.91,19.07,3.70944504529859,0.604047678172337,0.542587534144524,0.478395828159921,0.402532902905389,0.290663024584058,0.155699031537124,0.0526446486218028,0.0218524956543332,0.0103054382915322,3.19187167052052,0.432862223264507,-0.263529106556591,0.522650420082353,0.135613918085221,-0.0825625632103232,85.4079066455782
2954,7749,29.68,0,0.512840366498903,0.44225061298232,6.69022970705898,13.1478786333503,-0.506085641496334,0.852897661255545,1.18338693987927,0.476682010462984,10.3649428048114,14.5649052123581,0,0,0,0,2.94,7.46,11.02,14.2,19.34,22.486,25.9216,3.43101985492997,0.499548328816622,0.439540585882049,0.360433604336043,0.273067492579688,0.180797522260937,0.121176926054975,0.0766550522648084,0.0330365208413989,0.00606529874822558,4.20144619789734,1.34004076804561,-0.0489547959734876,0.62799730081978,0.318947501628426,-0.0116518916743448,73.3713401140932
3060,1759,17.47,0,0.742467310972143,0.837407617964753,5.29986355884025,7.27651257096513,-0.695644075064117,0.580643507471147,0.817443223753566,0.502493732967476,6.84448917477941,8.14285377738681,0,0.862000000000001,2.51,3.43,4.34,5.62,7.196,9.67400000000001,12.066,13.231,15.1184,3.93497544505137,0.762933484934622,0.590676520750426,0.425810119386015,0.310972143263218,0.234792495736214,0.172825469016487,0.0938032973280273,0.0272882319499716,0.00568504832291074,2.44034646456611,0.388113494478572,0.0945127435306399,0.460454582928946,0.159040324853044,0.0387292316492626,27.148020183227
3178,6930,29.04,0,0.681385281385281,0.357431457431457,8.60821789321789,12.8123519239083,-0.706360063682034,0.501875694817324,0.899578998025235,0.471655940511534,11.578374989721,14.1656832297701,0,0,0.08,5.23200000000001,8.42,10.71,12.936,15.282,19.33,23.48,26.8942,5.86551297139609,0.658152958152958,0.584271284271284,0.485714285714286,0.357575757575758,0.232323232323232,0.131890331890332,0.0867243867243867,0.0536796536796537,0.018037518037518,4.3403306318447,0.65641337972735,-0.031284590231685,0.504207803018589,0.151235801003567,-0.00720788181484428,128.011021749733
3246,2605,24.9,0,0.368138195777351,0.763147792706334,3.03624952015355,8.51492688413948,2.64492109412899,1.81633710298685,1.62729558480877,0.591766698746494,5.79842133191599,9.89269582614675,0,0,0,0,0.01,0.817999999999991,3.198,5.89,10.596,14.65,19.004,1.11775942027918,0.34126679462572,0.236852207293666,0.163915547024952,0.116314779270633,0.0779270633397313,0.0460652591170825,0.0241842610364683,0.00575815738963532,0.00307101727447217,2.27125983648366,1.22075110956087,0.426976912886045,0.748047820644464,0.537477522365217,0.187991222328435,29.4248867488213
3283,5634,19.11,0,0.433972310969116,0.500354987575435,4.36992012779553,10.3078057094163,-0.584921490989007,0.947004549998794,1.31858891099119,0.422249320066215,7.23135052425796,11.1886875656549,0,0,0,0,0.02,3.168,7.091,10.8,13.84,15.96,17.8767,1.89642433660988,0.434682286119986,0.382499112531061,0.337060702875399,0.285410010649627,0.237841675541356,0.177138800141995,0.111821086261981,0.0644302449414271,0.0216542421015264,2.95085487001298,1.14302940720773,0.016279351658048,0.675265172753074,0.387355345335131,0.005516825589588,57.4973609869274
3315,2410,20.18,0,0.486307053941909,0.612033195020747,4.87949377593361,10.1678583916084,-0.970204694626722,0.704341365642666,1.17636437408555,0.393060473701158,7.5328684534465,10.9244706829575,0,0,0,0,0.48,5.634,8.56,11.214,13.894,15.2585,17.4882,2.37293224290215,0.485477178423237,0.444398340248963,0.378423236514523,0.317842323651452,0.24149377593361,0.165145228215768,0.0933609958506224,0.0311203319502075,0.00622406639004149,3.05568306265061,0.920011929389766,-0.15066563762384,0.626229523587404,0.301082249214588,-0.0493066965829718,105.482385088938
3349,1709,19.52,0,0.409011117612639,0.863077823288473,3.05354593329432,7.45176651305684,2.07670755119988,1.67115863704133,1.43733142984281,0.580714694185427,5.34563556577761,8.61545239492843,0,0,0,0.19,0.64,2.128,3.776,5.492,10.254,13.562,17.55,1.24893423485824,0.411351667641896,0.292568753657109,0.188414277355178,0.137507314218841,0.107080163838502,0.0766530134581627,0.0479812755997659,0.0216500877706261,0.00994733762434172,2.12038963717364,0.988461063104319,0.309760857745137,0.694402404121051,0.46616954062362,0.146086762694252,10.7721405280083
3389,2766,30.55,0,0.506869125090383,0.623644251626898,6.85774765003615,13.5776884422111,-0.523054646656667,0.874004929757682,1.20772988549518,0.495000212217959,10.7517676950504,15.1490092549657,0,0,0,0,2.705,6.82,11.095,15.55,19.775,23.38,27.3275,3.47598055146446,0.493492407809111,0.421547360809834,0.347794649313088,0.280187997107737,0.206796818510484,0.12292118582791,0.0770065075921909,0.0325379609544469,0.0093998553868402,4.37149946718026,1.45316000344114,-0.0456594496228264,0.637454116171396,0.332416831879078,-0.0104448027423135,128.893754532715
3416,7305,20.69,0,0.625735797399042,0.413004791238877,6.43278165639973,10.4014282521234,-1.43160536035733,0.20659432770723,0.90588835254739,0.367682464036499,8.67953984356093,11.0820868993481,0,0,0,2.976,6.57,8.83,10.89,12.56,14.28,15.31,17.52,4.02522175926121,0.624503764544832,0.566324435318275,0.514715947980835,0.427104722792608,0.32580424366872,0.209719370294319,0.0900752908966461,0.0247775496235455,0.00164271047227926,3.27415203618281,0.34718973135253,-0.317185097486216,0.508979196103365,0.106039587507153,-0.0968754944733745,103.941039574393
3465,3015,20.96,0,0.646434494195688,0.66334991708126,6.98590381426202,10.9471930745016,-1.45563432208697,0.216774962651188,0.897247250186731,0.401460552679024,9.38502452350548,11.7960057332633,0,0,0.07,3.43,6.31,9.634,12.04,13.67,15.426,16.859,18.2886,4.5159291986722,0.644444444444445,0.576782752902156,0.501160862354892,0.437479270315091,0.369485903814262,0.272305140961857,0.140630182421227,0.0530679933665008,0.00597014925373134,3.53314861877298,0.368683909095954,-0.344479367018772,0.50575397439053,0.104349957750714,-0.0974992575145071,110.136514918771
3636,2865,16.11,0,0.550785340314136,0.67260034904014,4.95310645724258,9.07591612903226,-1.32423091531468,0.442321197812205,1.03935954245425,0.378720856761589,7.14328489265209,9.70459897959925,0,0,0,0.06,3.56,6.56,8.778,10.542,12.562,13.776,15.0436,2.7280984256645,0.554973821989529,0.51239092495637,0.458638743455497,0.406980802792321,0.33542757417103,0.250610820244328,0.156020942408377,0.0869109947643979,0.0226876090750436,2.82823847338813,0.579356396836347,-0.257248215028537,0.571002965069042,0.204847081421072,-0.0909570453301851,109.535394135439
3723,3646,20.84,0,0.547997805814591,0.567471201316511,5.300126165661,9.80962467866324,-0.665423358554384,0.740740892977658,1.0994892248136,0.454233418030355,7.87660983554291,10.7737278041036,0,0,0,0.07,3.66,6.27,8.335,11.07,14.18,16.655,19.2655,2.90445750932273,0.545803620405924,0.485737794843664,0.401535929786067,0.300054854635217,0.220241360394953,0.151673066374109,0.0910586944596819,0.049917718047175,0.018102029621503,3.15781536336116,0.856439024361053,-0.0770835370448675,0.595800036576553,0.271212507956597,-0.0244104002847146,35.8226194061161
3789,6364,23.65,0,0.434318038969202,0.55656819610308,5.41457730986801,12.5517957227139,-0.651571268698488,0.944554347800781,1.32278365271235,0.446417836522383,8.97821438528191,13.7453075379985,0,0,0,0.01,0.11,3.986,8.36199999999999,13.604,17.737,19.25,21.47,2.35164859906901,0.428189817724701,0.381049654305468,0.329981143934632,0.280012570710245,0.234443746071653,0.188560653676933,0.135135135135135,0.0603394091766185,0.0133563796354494,3.66260264104438,1.4236276457865,0.0110227562018934,0.676433714293695,0.388692901007836,0.00300954192474188,67.9232651804693
3807,8046,26.49,0,0.54001988565747,0.334700472284365,6.77459482972906,12.6486105263158,-1.0991710791331,0.551641189787269,1.07344332588953,0.40112627964298,9.93844228293276,13.6280467311938,0,0,0,0.02,4.495,8.77,11.7,14.54,17.39,19.405,22.503,3.65841592532597,0.527715635098185,0.484961471538653,0.426920208799403,0.341660452398707,0.244096445438727,0.153616703952274,0.0705940840169028,0.0221227939348745,0.00571712652249565,3.96498817211228,0.93052836787059,-0.276665371384371,0.585273108099789,0.234686290974449,-0.0697770987894227,116.26495658766
4022,3576,25.77,0,0.571029082774049,0.480704697986577,10.604846196868,18.6167960687961,-1.75369535946018,0.100230479352559,0.952241179168613,0.295083910502097,14.6427916608495,19.4100230522644,0,0,0,0.04,10.23,17.1,20.2,21.58,23.4,24.59,25.4,6.0556755967574,0.568791946308725,0.560682326621924,0.536073825503356,0.499440715883669,0.465883668903803,0.431487695749441,0.376398210290828,0.279362416107383,0.108221476510067,5.5305564798736,0.474879009044431,-0.930611685603996,0.521512181997224,0.0858645980332317,-0.168267278164613,224.818152202343
4049,2752,24.04,0,0.351744186046512,0.771075581395349,3.27985101744186,9.55796255506608,2.07845952621022,1.71103451390521,1.6305169769157,0.546588057575766,6.27268360666792,10.8911692646631,0,0,0,0,0,0.485999999999999,3.367,7.13,11.439,15.6215,21.2039,1.15366852648391,0.333575581395349,0.254723837209302,0.195857558139535,0.148255813953488,0.092296511627907,0.0661337209302326,0.0359738372093023,0.0207122093023256,0.00872093023255814,2.46698662299333,1.32977423307054,0.441511127876762,0.752164232422201,0.539027743675827,0.178967783514388,54.6910388243162
4066,2408,28.88,0,0.486295681063123,0.764119601328904,7.50700581395349,15.6659194395797,-1.03916212008996,0.751536084239379,1.21959899945976,0.450893237984511,11.8382506918684,17.1834976938558,0,0,0,0,1.095,5.87800000000001,13.257,18.946,21.99,24.2565,26.84,3.65062450504134,0.470099667774086,0.400332225913621,0.371262458471761,0.324335548172757,0.287790697674419,0.227574750830565,0.149916943521595,0.0676910299003322,0.0203488372093023,4.81610205802014,1.56053800142012,-0.229897476483811,0.641547665924051,0.32402511047734,-0.0477351753999831,92.5420121096086
4072,2756,22.36,0,0.681422351233672,0.617924528301887,7.78590348330914,11.5170195439739,-1.35207965888764,0.22732990805425,0.85494573269145,0.426542228158133,10.2427310892607,12.5204331691308,0,0,1.33,4.6,7.49,10.1,12.435,15.23,17.085,18.4225,20.118,5.30548865807495,0.675253991291727,0.609579100145138,0.523947750362845,0.439042089985486,0.350145137880987,0.261973875181422,0.175253991291727,0.0667634252539913,0.0101596516690856,3.78478625615387,0.358845989812901,-0.265091070463042,0.48610752294418,0.0948127491293426,-0.0700412262467971,291.087351180474
4079,1684,14.81,0,0.546318289786223,0.865795724465558,3.39689429928741,6.13183294663573,-0.187290627709897,0.826019517269039,1.00451913802177,0.427439613055338,4.81408298147156,6.6679071390391504,0,0,0.299,1.462,2.625,3.898,5.03,6.378,8.377,9.9585,12.5785,1.85578548417127,0.597980997624703,0.467933491686461,0.355106888361045,0.228622327790974,0.146080760095012,0.076603325415677,0.0397862232779097,0.0219714964370546,0.00237529691211401,1.87233153457165,0.443842833529179,0.0273375146391765,0.551189224511467,0.237053548121071,0.0146007873789461,26.5617968238022
4159,5490,24.31,0,0.539526411657559,0.442987249544627,5.75281785063752,10.8268858733473,-0.618343103985303,0.849144288549097,1.16353583349408,0.516644296431292,8.82559704013015,12.1860361936984,0,0,0,0.04,3.11,5.28,9.02899999999999,12.748,16.521,18.71,21.74,3.10379717187402,0.52568306010929,0.415300546448087,0.3408014571949,0.288524590163934,0.220765027322404,0.154280510018215,0.0845173041894353,0.034608378870674,0.00910746812386157,3.57337620463646,1.1200059469903,-0.0448453417819337,0.621152328721907,0.313430739684528,-0.0125498517966697,128.415211621413
4164,5717,31.41,0,0.593318173867413,0.45058597166346,10.366650341088,17.6260363853266,-1.47967341162372,0.297333409999387,0.977548545595805,0.391232899517297,14.4963956061276,18.9266006122773,0,0,0,0.808000000000002,8.99,14.52,18.242,21.54,24.68,26.47,28.8968,6.15072204949632,0.578800069966766,0.540843099527724,0.493965366450936,0.442015042854644,0.372398110897324,0.284065069092181,0.181388840300857,0.08763337414728,0.018366276018891,5.62451109926774,0.854848707637103,-0.623034260220562,0.542558195193979,0.151986313574596,-0.110771274022675,96.6266473722458
4231,6268,19.44,0,0.447192086790045,0.425654116145501,3.71819240587109,8.38005880191106,-0.61748746482886,0.8534196700772,1.24280522921963,0.386303871761602,5.93085887788231,8.98339113070764,0,0,0,0,0.06,3.71,6.54,8.61,10.85,12.4665,15.0066,1.66274622106839,0.448947032546267,0.394862795149968,0.3265794511806,0.242980216975112,0.146936821952776,0.0749840459476707,0.0250478621569879,0.00638162093171666,0.00175494575622208,2.41414520926819,0.82958471626751,-0.045377339656199,0.649279258775368,0.343634969877801,-0.0187964416895844,44.6355013556752
4314,7471,24.71,0,0.663097309597109,0.326997724534868,7.29021951545978,11.1676616088131,-1.01176766487585,0.513276019889619,0.938894264156707,0.49289205988193,9.99957837352355,12.450275372412,0,0,0.22,3.52,5.98,8.53,11.31,14.68,17.53,19.55,22.163,4.83412494707372,0.645295141212689,0.541828403158881,0.440503279346808,0.352964797215901,0.263016999063044,0.194351492437425,0.107883817427386,0.0459108553071878,0.00910186052737251,3.83903648538741,0.686104624910511,-0.135532384511836,0.52660094490245,0.17871792245842,-0.0353037500497104,122.142585450083
4395,2356,19.54,0,0.475382003395586,0.549660441426146,4.39977504244482,9.2704222821204,-1.17307473545899,0.544371317242039,1.13963302018894,0.308440934863861,6.66999535143132,9.7010011987815,0,0,0,0,0.1,6.28,8.515,10.09,11.31,12.2825,15.0065,2.09157387416732,0.475382003395586,0.456281833616299,0.414261460101868,0.326400679117148,0.217317487266554,0.0734295415959253,0.0254668930390492,0.00933786078098472,0.00466893039049236,2.66681960319949,0.675298540134625,-0.2425653753917,0.60612635361412,0.253222429940309,-0.0909567992903174,70.4949790516235
4455,6193,26.92,0,0.571290166316809,0.372355885677378,6.90978524140158,12.1886620729256,-0.888012066092579,0.670657311929032,1.07633062903678,0.481965042527168,10.1512730857158,13.5300935487681,0,0,0,0.13,4.61,8.042,11.024,14.69,18.546,20.94,23.254,3.94749235977374,0.557726465364121,0.476828677539157,0.398998869691587,0.309058614564831,0.233166478281931,0.160019376715647,0.0912320361698692,0.0369772323591151,0.00452123365089617,4.06050189563445,1.03694628218601,-0.159783749423202,0.587645166061747,0.255373918997762,-0.039350738783052903,168.221899674854
4572,2735,19.9,0,0.775868372943327,0.723948811700183,7.82495795246801,10.1879452712434,-1.09647537036595,-0.117530677677203,0.680977379957356,0.363664456514336,9.46645495982517,10.8404158718475,0,0.488000000000001,4.8,6.87,8.62,9.854,11.068,12.86,14.586,15.906,17.89,6.0711373949313,0.775868372943327,0.728336380255942,0.650091407678245,0.539305301645338,0.391590493601463,0.256307129798903,0.1345521023766,0.0493601462522852,0.00987202925045704,3.04483904358281,-0.0775262416542062,0.0152390040998547,0.38911890160668,-0.0254615237602125,0.00500486360090916,64.5987794161343
4691,3222,25.39,0,0.519553072625698,0.614214773432651,6.71308193668529,13.0072326283988,-0.935182394173708,0.701120332245079,1.14561039206231,0.44555450914682,10.2074520966498,14.2392004192672,0,0,0,0.04,3.31,7.706,11.39,14.76,18.968,21.19,23.6695,3.48780234699292,0.513035381750466,0.465859714463066,0.403786468032278,0.326505276225947,0.261328367473619,0.189323401613904,0.130353817504656,0.0676598386095593,0.0183116076970826,4.12984807471761,1.19236048729193,-0.185419372844679,0.61519405150547,0.288717760488916,-0.0448973835090429,164.102156120444
4850,5923,19.81,0,0.544825257470876,0.460239743373291,5.74727671787945,10.66100505689,-1.23197244207453,0.515348344610047,1.06569997605183,0.400360954216603,8.39874521311489,11.4834328639715,0,0,0,0.02,3.94,7.222,10.06,12.52,14.928,16.399,18.2556,3.13126151757505,0.545669424278237,0.498733749788958,0.437278406213068,0.378693229782205,0.306939051156509,0.226743204457201,0.143170690528448,0.0663515110585852,0.016376836062806,3.3495573464094,0.763667846816611,-0.266603185273442,0.582807738487536,0.227990676927874,-0.0795935575067048,65.528782377111
4972,6909,27.01,0,0.562310030395137,0.404110580402374,4.86799536836011,8.77855421686747,1.63445404799773,1.36816652771746,1.17267663416917,0.588063307976041,7.50203960880525,10.1835991381055,0,0,0,1.18,3.36,5.24,6.83,8.67,12.662,16.938,23.6728,2.73732262354596,0.530178028658272,0.39093935446519,0.227239832103054,0.13562020552902,0.0869879866840353,0.054421768707483,0.0395136778115502,0.0211318569981184,0.00723693732812274,2.95420713715391,0.979111971089181,0.229291004034324,0.60686317747034,0.331429695221865,0.0776150734830407,44.4715569868178
5007,5609,15.93,0,0.356034943840257,0.492601176680335,2.4287573542521,6.86493143459916,1.2482262751742501,1.48499474934812,1.52508379967654,0.468490089294361,4.42904792675909,7.58059786407334,0,0,0,0,0,0.455999999999995,3.35,5.26400000000001,8.36,10.742,13.7192,0.864722488222755,0.372437154573008,0.305580317347121,0.226956676769478,0.158673560349438,0.110893207345338,0.0734533784988412,0.0435015154216438,0.0229987520057051,0.00534854697807096,1.77092776562225,0.876707671660754,0.225683554078856,0.729149728572858,0.495055579724737,0.127438034718236,28.7312312966385
5131,5583,13.96,0,0.484864768045854,0.488088841124843,3.02349453698728,6.43678381691868,-0.206541356810408,0.985934101569768,1.19636418940659,0.449892199552536,4.71416119390662,7.05795701410215,0,0,0,0.04,1.78,2.81,4.34,6.536,8.928,10.309,12.33,1.46598597736424,0.529643560809601,0.403009134873724,0.307898979043525,0.244492208490059,0.177682249686548,0.121260970804227,0.0668099588035107,0.0317033852767329,0.00698549167114455,1.9077094654378,0.646200940186022,0.0362040233131273,0.630961770262932,0.338731317264668,0.0189777447609502,23.9518149763643
5319,2358,20.37,0,0.491094147582697,0.611111111111111,5.07247243426633,10.3173958333333,-0.872389120829646,0.768217438150293,1.19275060753177,0.44453241807021,7.89425787118245,11.290067191452,0,0,0,0,1.465,5.05,8.808,11.558,15.153,16.513,18.27,2.49106152624275,0.490245971162002,0.438507209499576,0.36980491942324,0.31509754028838,0.245547073791349,0.17726887192536,0.123833757421544,0.0576759966072943,0.00848176420695505,3.21030090470952,1.01744053276726,-0.112360930669862,0.632886811374826,0.316929958582595,-0.0350001242889812,97.2446732031772
5333,3403,26.77,0,0.539523949456362,0.631795474581252,8.73950337937114,16.1932588555858,-1.59871770853853,0.248003774842562,1.00835028333949,0.298739320366013,12.4103148459406,16.900026520786,0,0,0,0,8.38,13.252,16.278,18.316,20.606,22.079,24.449,4.71517137952554,0.538642374375551,0.526888039964737,0.502203937702028,0.454892741698501,0.39523949456362,0.308845136644138,0.173082574199236,0.0743461651483985,0.0141052012929768,4.81678663378079,0.730535981234294,-0.638481814090398,0.551151069424655,0.151664592346886,-0.132553476546508,161.251533075342
5351,2285,21.87,0,0.507221006564551,0.799562363238512,5.33878336980306,10.5165935030729,-0.839558603948457,0.678808656787057,1.1138290300344,0.394835540602934,7.99048801033617,11.3059897028375,0,0,0,0.14,2.37,6.978,9.096,11.292,14.274,16.03,19.5144,2.7079430746616,0.50328227571116,0.461706783369803,0.413566739606127,0.321225382932166,0.214004376367615,0.132603938730853,0.0687089715536105,0.0288840262582057,0.00919037199124726,3.20985768374421,0.859111807208301,-0.148513373075677,0.60123392567296,0.26764794325902,-0.0462678996105647,51.7971327587798
5358,2625,24.06,0,0.565714285714286,0.599619047619048,7.03052190476191,12.4881385869565,-1.26977262811871,0.440580214802218,1.02713457171537,0.401066865793844,10.0774715271715,13.4544573640841,0,0,0,0.07,5.25,9.294,12.35,14.592,17.482,18.908,22.4676,3.97726667755102,0.56228571428571394,0.510095238095238,0.462095238095238,0.388952380952381,0.312761904761905,0.209142857142857,0.124952380952381,0.0403809523809524,0.0171428571428571,3.97584144308943,0.787567861492169,-0.345511955410311,0.565511564709943,0.198088347527307,-0.0869028507187727,148.693399717302
5379,3314,11.13,0,0.181955340977671,0.755280627640314,0.922528666264333,5.09371171171171,3.79321532789525,2.18187178238209,2.19218913641453,0.330359091058339,2.22255576622434,5.3639964427503,0,0,0,0,0,0,0.03,1.038,4.357,5.9735,7.95699999999999,0.167859018031802,0.19915509957755,0.177127338563669,0.14152082076041,0.0962582981291491,0.0591430295715148,0.0310802655401328,0.0117682558841279,0.00271575135787568,0.00150875075437538,0.7799514540204,0.545161464140013,0.29489528709481,0.8454495589592,0.698968456728788,0.378094412895468,19.8625114695732
5491,1848,27.87,0,0.702380952380952,0.787337662337662,7.61959415584416,10.8934035909446,-0.552354263970201,0.643096924265609,0.902545079594994,0.52855886764627,10.2628517809374,12.3204172393787,0,0,2.213,4.78,6.56,8.288,10.449,14.15,18.303,20.323,24.4659,5.35185779993816,0.688311688311688,0.555735930735931,0.397186147186147,0.277056277056277,0.202380952380952,0.148809523809524,0.0687229437229437,0.0216450216450216,0.00811688311688312,3.841956896875,0.699956365182131,0.0832047772348886,0.504220673476193,0.182187459143924,0.0216568742097462,72.7780877187482
5697,3727,25,0,0.504427153206332,0.623826133619533,7.04801448886504,14.0326935483871,-1.2292688668046,0.583062595601303,1.13113241302405,0.389217517169436,10.6402080875311,15.0576021720606,0,0,0,0.02,2.39,8.712,12.54,16.328,19.474,20.93,22.9148,3.55520988437517,0.499060906895627,0.467936678293534,0.422323584652536,0.365709686074591,0.301046418030588,0.235309900724443,0.158840890796888,0.0794204453984438,0.0150254896699759,4.28977317455811,1.1385791540536,-0.333623843591329,0.608649880237251,0.26541709962809,-0.0777719077479419,155.17248944743
5759,2567,15.73,0,0.218932606155045,0.872224386443319,1.67988313206077,7.78376838235294,3.00672453857287,2.03664392742818,2.09266011825464,0.421569533616591,3.89556183697691,8.4459955160628,0,0,0,0,0,0,0,3.09,7.864,10.152,13.7034,0.367781192137964,0.225165562913907,0.198675496688742,0.167121153097,0.135956369302688,0.100116867939229,0.0654460459680561,0.0416828983248929,0.0210362290611609,0.00584339696143358,1.40176319986786,0.949592374804436,0.480038900127901,0.834440904319498,0.677427096740699,0.342453632805565,24.2553795593999
5795,3972,23.93,0,0.249244712990937,0.732124874118832,3.46605236656596,13.9600509164969,1.06664744862037,1.61707455066116,1.88795544499455,0.371028989644278,7.40428486353562,14.8890492605093,0,0,0,0,0,0,0.04,9.13200000000001,15.539,18.96,21.8629,0.86389522731629,0.247482376636455,0.231873111782477,0.217019133937563,0.196122860020141,0.163393756294058,0.120090634441088,0.0835850956696878,0.0460725075528701,0.0143504531722054,2.78646057152016,1.71734593065868,0.677489019199933,0.803929161139849,0.616318044551327,0.243136050846874,50.5218588372125
5905,5068,21.63,0,0.552486187845304,0.483228097868982,4.9003453038674,8.99128734784213,-0.575127129774956,0.708271011932803,1.0687465966569,0.431154130103216,7.17192599476242,9.79111689858344,0,0,0.01,0.13,3.525,6.09,8.15,9.86,12.413,14.59,18.2,2.70737309605934,0.547553275453828,0.470007892659826,0.383977900552486,0.27249408050513,0.153314917127072,0.0842541436464089,0.0406471981057616,0.0165745856353591,0.00473559589581689,2.85105684187063,0.705532942269592,-0.0904314895048296,0.581807335009748,0.247463653445324,-0.0317185852546861,85.5215937886614
6143,3450,27.27,0,0.523188405797102,0.606086956521739,6.23988405797102,12.1117613636364,-0.0831937894906281,1.03093453707123,1.21898077675529,0.540333222209998,9.83743683183226,13.7658792110982,0,0,0,0.0360000000000014,2.925,6.554,9.666,11.862,19.222,22.581,25.4753,3.2646349926486,0.50463768115942,0.424057971014493,0.351594202898551,0.24,0.167536231884058,0.138550724637681,0.102898550724638,0.0623188405797102,0.0217391304347826,3.9831690714805,1.39117661006317,0.104007406256624,0.638340237490837,0.349263760864181,0.0261117226987218,180.011255027652
6152,2855,23.29,0,0.556567425569177,0.575131348511384,6.25970227670753,11.3931535003211,-0.931538202932698,0.672487199883238,1.0966583604185,0.466823819130573,9.28936087489866,12.5727179279205,0,0,0,0.01,3.98,7.048,10.308,13.382,17.396,19.14,21.1292,3.48394638097663,0.549562171628722,0.485814360770578,0.402451838879159,0.328196147110333,0.249737302977233,0.190192644483363,0.124343257443082,0.0630472854640981,0.0126094570928196,3.73175023839709,0.987596990302766,-0.162687439582667,0.596154589058173,0.26464712995556,-0.0435954791155978,211.032407554921
6259,2954,21.44,0,0.402843601895735,0.668923493568043,4.68633716993907,11.662461928934,-0.885957375116488,0.826033793596085,1.32495575259996,0.333567024837198,7.77835056477034,12.2936556726205,0,0,0,0,0,2.51399999999999,9.24,11.934,14.02,15.77,19.3982,1.88786094523612,0.402505077860528,0.381178063642519,0.354434664861205,0.318889641164523,0.257616790792146,0.157413676371022,0.0704129993229519,0.029790115098172,0.011509817197021,3.15415926701808,1.17480886553402,-0.0740153828961238,0.673054275149198,0.372463393912467,-0.0234659624420606,158.197790781553
6272,5884,18.9,0,0.576648538409246,0.426410605030591,5.07941876274643,8.89500904704463,-1.40184275954355,0.300913213359435,0.967702801614351,0.343267015411372,7.06804280277523,9.40432885945313,0,0,0,0.282000000000003,4.705,7.13,8.94099999999999,10.364,11.79,12.75,14.5968,2.92903940550623,0.580047586675731,0.528382053025153,0.461760707002039,0.378653976886472,0.2675050985724,0.124065261726717,0.0345003399048267,0.0066281441196465,0.00186947654656696,2.7301745410996,0.40041586688535,-0.283029885580324,0.537497432013932,0.146663101885083,-0.103667322846814,76.6594523102067
6310,5218,21.33,0,0.536220774243005,0.46780375622844,6.17259486393254,11.5606409794743,-1.207544153506,0.494830518855917,1.06250075517793,0.373976123540197,9.00583813030654,12.3423461490257,0,0,0,0.01,4.865,8.21,10.34,13,16.17,17.6515,19.5949,3.3098735970263,0.535262552702185,0.513990034495976,0.468378689152932,0.385013415101572,0.284975086239939,0.208125718666156,0.139325412035263,0.0691835952472212,0.0149482560367957,3.58117928437069,0.803071673293857,-0.271947496350436,0.580174037550415,0.224247827188852,-0.0759379731523898,51.4696833042616
6338,3720,26.44,0,0.523924731182796,0.588709677419355,7.81860215053763,15.0865203761756,-1.40179046285353,0.463762361062498,1.08829374123537,0.373360698698259,11.5547853676506,16.1032290290477,0,0,0,0.00600000000000136,3.075,10.998,14.813,17.39,19.95,21.84,24.6743,4.09635902994566,0.50994623655914,0.473655913978495,0.448118279569893,0.408064516129032,0.350268817204301,0.263172043010753,0.149193548387097,0.068010752688172,0.0198924731182796,4.60690300606881,1.03817241342882,-0.47332105453796,0.589223356984857,0.225351480606647,-0.102741701727699,131.694463740666
6344,6423,17.88,0,0.477347034096217,0.394208313872022,4.43848513155846,9.35824543946932,-1.01997834880518,0.673612316570127,1.17225252893521,0.368603515280135,6.83867012031427,9.97355194209291,0,0,0,0,0.22,5.33,8.06,10.07,12.39,13.979,15.9656,2.11869771342959,0.480616534329753,0.446676008095905,0.39903471897867,0.334423166744512,0.252997041880741,0.168612797758057,0.0951268877471587,0.040790907675541,0.00887435777673984,2.76897550228849,0.816694018598242,-0.151360610744691,0.623855982438818,0.294944472395391,-0.054663037148431,61.5248323174113
6416,2486,1.67,0,0,0.99195494770716,0.0171520514883347,0,118.86531096446,10.792024582229,7.55266818995474,0,0.130648484678057,0,0,0,0,0,0,0,0,0,0.02,0.04,0.224500000000003,0,0.0124698310539019,0.00884955752212389,0.0080450522928399,0.0080450522928399,0.0080450522928399,0.00724054706355591,0.00724054706355591,0.00643604183427192,0.00241351568785197,0.0165106520053547,0.0153709089176197,0.013967388270439699,0.96260508642851506,0.930969225966039,0.845962247033603,41.57336078929
6470,5082,24.67,0,0.647776465958284,0.462219598583235,9.08214679260134,14.0934794604537,-1.57019063429929,0.0117710073963738,0.850059610944731,0.337635726945396,11.9196357193835,14.8748843428156,0,0,0.03,5.688,10.35,13.12,15.22,17.14,18.99,20.1295,21.7995,5.88320095262566,0.642266824085006,0.610783156237702,0.565131837859111,0.512593467138922,0.433884297520661,0.318575364029909,0.192837465564738,0.063754427390791,0.00747737111373475,4.3405262271857,0.177211554217189,-0.499206379614002,0.477918528108538,0.0408272050304115,-0.115010566342707,171.995991301629
6576,6773,21.71,0,0.6484571091097,0.372951424774841,6.19397608150007,9.71639279026217,-1.23493598163118,0.289314397718794,0.897235384226452,0.400917629111145,8.32142297085392,10.468020245961,0,0,0.01,3.478,5.91,8.11,10.11,11.92,13.84,15.24,17.7228,4.01652782370417,0.642108371474974,0.56754761553226,0.474531226930459,0.376642551306659,0.255721246124317,0.137014616861066,0.050789901077809,0.0140262808209065,0.0016240956739997,3.13347749206418,0.375057422994885,-0.211609209270844,0.505891119183222,0.11969367067252,-0.0675317470148625,92.4304052883867
6679,2047,22.75,0,0.390815828041036,0.794821690278456,3.65158768930142,9.81218309859155,2.23675021877046,1.80408307404861,1.5892949760341,0.628824533075802,6.85548472650686,11.5886134680848,0,0,0,0,0.45,1.876,3.30799999999999,6.908,13.624,18.69,21.637,1.42709826645879,0.365412799218368,0.257938446507084,0.205178309721544,0.13971665852467,0.118221787982413,0.0991695163654128,0.0786516853932584,0.0566682950659502,0.0278456277479238,2.68019148733979,1.41118118299646,0.518245123002149,0.733979768633884,0.526522522611667,0.193361230139765,36.4869266754865
8304,1711,20.15,0,0.418468731735827,0.784921098772648,3.84651665692577,9.4838846737481,0.582407297977731,1.39100216399797,1.45149083148831,0.563494466576222,6.77859953313554,10.8839474590495,0,0,0,0,0.41,2.23,4.09,8.26,14.37,16.74,18.277,1.60964694702446,0.418468731735827,0.301578024547049,0.23728813559322,0.20572764465225,0.172413793103448,0.135008766803039,0.104032729398013,0.0648743424897721,0.0146113383985973,2.72319349513468,1.27744226170181,0.30546607510322,0.707963525968745,0.469097133194581,0.112172005275781,58.856339465512
